{"auc": 0.7538374520220208, "accuracie": 0.7297113752122241, "f1": 0.595116988809766}