{"auc": 0.7282348375368306, "accuracie": 0.7033183856502242, "f1": 0.5589333333333333}