{"auc": 0.7140043666251871, "accuracie": 0.7062818336162988, "f1": 0.4155405405405405}