{"auc": 0.7819460575558137, "accuracie": 0.7705589698565993, "f1": 0.5620111731843576}