{"auc": 0.7928743841385887, "accuracie": 0.7818813131313131, "f1": 0.5947214076246334}